case:concept:name,concept:name,time:timestamp
A,ER Registration,2014-10-22 09:15:41+00:00
A,Leucocytes,2014-10-22 09:27:00+00:00
A,CRP,2014-10-22 09:27:00+00:00
A,LacticAcid,2014-10-22 09:27:00+00:00
A,ER Triage,2014-10-22 09:33:37+00:00
A,ER Sepsis Triage,2014-10-22 09:34:00+00:00
A,IV Liquid,2014-10-22 12:03:47+00:00
A,IV Antibiotics,2014-10-22 12:03:47+00:00
A,Admission NC,2014-10-22 12:13:19+00:00
A,CRP,2014-10-24 07:00:00+00:00
A,Leucocytes,2014-10-24 07:00:00+00:00
A,Leucocytes,2014-10-26 07:00:00+00:00
A,CRP,2014-10-26 07:00:00+00:00
A,Leucocytes,2014-10-28 07:00:00+00:00
A,CRP,2014-10-28 07:00:00+00:00
A,CRP,2014-10-30 07:00:00+00:00
A,Leucocytes,2014-10-30 07:00:00+00:00
A,Leucocytes,2014-10-31 07:00:00+00:00
A,CRP,2014-10-31 07:00:00+00:00
A,CRP,2014-11-02 07:00:00+00:00
A,Leucocytes,2014-11-02 07:00:00+00:00
A,Release A,2014-11-02 14:15:00+00:00

B,ER Registration,2014-10-22 09:15:41+00:00
B,Leucocytes,2014-10-22 09:27:00+00:00
B,CRP,2014-10-22 09:27:00+00:00
B,LacticAcid,2014-10-22 09:27:00+00:00
B,ER Triage,2014-10-22 09:33:37+00:00
B,ER Sepsis Triage,2014-10-22 09:34:00+00:00
B,Release B,2014-11-02 14:15:00+00:00

C,ER Registration,2014-10-22 09:15:41+00:00
C,Leucocytes,2014-10-22 09:27:00+00:00
C,CRP,2014-10-22 09:27:00+00:00
C,LacticAcid,2014-10-22 09:27:00+00:00
C,ER Triage,2014-10-22 09:33:37+00:00
C,ER Sepsis Triage,2014-10-22 09:34:00+00:00
C,IV Liquid,2014-10-22 12:03:47+00:00
C,IV Antibiotics,2014-10-22 12:03:47+00:00
C,Admission NC,2014-10-22 12:13:19+00:00
C,CRP,2014-10-26 07:00:00+00:00
C,Leucocytes,2014-10-28 07:00:00+00:00
C,CRP,2014-10-28 07:00:00+00:00
C,CRP,2014-10-30 07:00:00+00:00
C,Leucocytes,2014-10-30 07:00:00+00:00
C,Leucocytes,2014-10-31 07:00:00+00:00
C,Release A,2014-11-02 14:15:00+00:00

D,ER Registration,2014-10-22 09:15:41+00:00
D,Leucocytes,2014-10-22 09:27:00+00:00
D,CRP,2014-10-22 09:27:00+00:00
D,LacticAcid,2014-10-22 09:27:00+00:00
D,ER Triage,2014-10-22 09:33:37+00:00
D,ER Sepsis Triage,2014-10-22 09:34:00+00:00
D,IV Liquid,2014-10-22 12:03:47+00:00
D,IV Antibiotics,2014-10-22 12:03:47+00:00
D,Admission NC,2014-10-22 12:13:19+00:00
D,CRP,2014-10-26 07:00:00+00:00
D,Leucocytes,2014-10-28 07:00:00+00:00
D,Release B,2014-11-02 14:15:00+00:00